time,heading,speedDelta
19,7.536273,100
39,7.537899,100
59,7.539880,100
79,7.536492,100
99,7.537544,100
119,7.537271,100
139,7.539115,100
159,7.544197,100
179,7.545808,100
199,7.549319,100
219,7.555931,100
239,7.563034,100
259,7.556545,100
279,7.609575,100
299,7.966084,100
319,8.843818,100
339,10.180855,100
359,11.810838,100
379,13.547973,100
399,15.411085,100
419,17.314236,100
439,19.260785,100
459,21.215736,100
479,23.198963,100
499,25.155156,100
519,27.127416,100
539,29.097118,100
559,31.070058,100
579,33.027970,100
599,34.979212,100
619,36.951129,100
639,38.912711,100
659,40.865426,100
679,42.825483,100
699,44.764290,100
719,46.769867,100
739,48.763738,100
759,50.797704,100
779,52.799978,-100
799,54.898450,-100
819,56.958153,-100
839,59.017123,-100
859,61.028791,-100
879,63.013647,-100
899,64.947806,-100
919,66.815847,-100
939,68.586470,-100
959,70.242486,-100
979,71.713387,-100
999,72.988929,-100
1019,74.090939,-100
1039,75.015614,-100
1059,75.758268,-100
1079,76.315242,-100
1099,76.686333,-100
1119,76.843346,-100
1139,76.762938,-100
1159,76.738648,-100
1179,76.719050,-100
1199,76.698505,-100
1219,76.695047,-100
1239,76.674463,-100
1259,76.560313,-100
1279,76.349261,-100
1299,75.572341,-100
1319,74.042529,-100
1339,72.176155,-100
1359,70.221572,-100
1379,68.219682,-100
1399,66.176823,-100
1419,64.130544,-100
1439,62.117565,-100
1459,60.102425,-100
1479,58.109380,-100
1499,56.130342,-100
1519,54.180470,-100
1539,52.223269,-100
1559,50.243974,-100
1579,48.246785,-100
1599,46.253075,-100
1619,44.231411,-100
1639,42.219642,-100
1659,40.175182,-100
1679,38.165494,-100
1699,36.158035,-100
1719,34.160655,-100
1739,32.153915,-100
1759,30.169581,-100
1779,28.195548,-100
1799,26.232388,-100
1819,24.271794,-100
1839,22.310178,-100
1859,20.343985,-100
1879,18.376453,-100
1899,16.377420,-100
1919,14.433959,-100
1939,12.498611,-100
1959,10.556529,-100
1979,8.571444,-100
1999,6.651764,-100
2019,4.722113,-100
2039,2.824440,-100
2059,0.886019,-100
2079,-1.054984,-100
2099,-2.995878,-100
2119,-4.968341,-100
2139,-6.993601,-100
2159,-8.998768,-100
2179,-11.030216,-100
2199,-13.057594,-100
2219,-15.142085,-100
2239,-17.201360,-100
2259,-19.247754,-100
2279,-21.220559,-100
2299,-23.187228,-100
2319,-25.174309,-100
2339,-27.175663,-100
2359,-29.159929,-100
2379,-31.165477,-100
2399,-33.163894,-100
2419,-35.168254,-100
2439,-37.163162,-100
2459,-39.162058,100
2479,-41.146036,100
2499,-43.159617,100
2519,-45.135809,100
2539,-47.084407,100
2559,-48.983105,100
2579,-50.846449,100
2599,-52.643824,100
2619,-54.330542,100
2639,-55.884916,100
2659,-57.272510,100
2679,-58.479334,100
2699,-59.464168,100
2719,-60.254256,100
2739,-60.845273,100
2759,-61.236914,100
2779,-61.457093,100
2799,-61.489042,100
2819,-61.533824,100
2839,-61.558619,100
2859,-61.521531,100
2879,-61.450385,100
2899,-61.386316,100
2919,-61.345585,100
2939,-61.313699,100
2959,-60.849508,100
2979,-59.711746,100
2999,-58.168247,100
3019,-56.343686,100
3039,-54.423418,100
3059,-52.503068,100
3079,-50.547489,100
3099,-48.553866,100
3119,-46.500700,100
3139,-44.440822,100
3159,-42.364391,100
3179,-40.315526,100
3199,-38.256661,100
3219,-36.243109,100
3239,-34.224802,100
3259,-32.240795,100
3279,-30.254739,100
3299,-28.311905,100
3319,-26.365494,100
3339,-24.416937,100
3359,-22.430895,100
3379,-20.437177,100
3399,-18.424920,100
3419,-16.442745,100
3439,-14.431363,100
3459,-12.458504,100
3479,-10.511395,100
3499,-8.558138,100
3519,-6.586645,100
3539,-4.623048,100
3559,-2.655338,100
3579,-0.681277,100
3599,1.308630,100
3619,3.268048,100
3639,5.209898,100
3659,7.143142,100
3679,9.083653,100
3699,11.034205,100
3719,12.993773,100
3739,14.970292,100
3759,16.960528,100
3779,18.939753,100
3799,20.917009,100
3819,22.896057,100
3839,24.854423,100
3859,26.789894,100
3879,28.712374,100
3899,30.636834,100
3919,32.548412,100
3939,34.503231,100
3959,36.466486,100
3979,38.429782,100
3999,40.382485,100
4019,42.320008,100
4039,44.279977,100
4059,46.231553,100
4079,48.183858,100
4099,50.128969,100
4119,52.145358,100
4139,54.110451,-100
4159,56.153631,-100
4179,58.162190,-100
4199,60.167776,-100
4219,62.139568,-100
4239,64.050345,-100
4259,65.910225,-100
4279,67.701408,-100
4299,69.400400,-100
4319,70.993533,-100
4339,72.400000,-100
4359,73.612799,-100
4379,74.670669,-100
4399,75.568378,-100
4419,76.288902,-100
4439,76.820717,-100
4459,77.157605,-100
4479,77.257412,-100
4499,77.150577,-100
4519,77.157887,-100
4539,77.124174,-100
4559,77.106539,-100
4579,77.098131,-100
4599,77.028962,-100
4619,76.850831,-100
4639,76.539277,-100
4659,75.554214,-100
4679,73.902127,-100
4699,71.988188,-100
4719,70.062917,-100
4739,68.078435,-100
4759,66.053066,-100
4779,64.001775,-100
4799,61.991268,-100
4819,59.971300,-100
4839,58.010034,-100
4859,56.037053,-100
4879,54.093806,-100
4899,52.121830,-100
4919,50.130645,-100
4939,48.106767,-100
4959,46.089942,-100
4979,44.059429,-100
4999,42.039864,-100
5019,39.982079,-100
5039,37.938645,-100
5059,35.884097,-100
5079,33.856644,-100
5099,31.820478,-100
5119,29.817704,-100
5139,27.831689,-100
5159,25.858967,-100
5179,23.879208,-100
5199,21.907196,-100
5219,19.903616,-100
5239,17.924691,-100
5259,15.925686,-100
5279,13.966761,-100
5299,11.990131,-100
5319,10.008761,-100
5339,7.967013,-100
5359,5.986859,-100
5379,4.002552,-100
5399,2.038477,-100
5419,0.064224,-100
5439,-1.905875,-100
5459,-3.887573,-100
5479,-5.855856,-100
5499,-7.838987,-100
5519,-9.841599,-100
5539,-11.889618,-100
5559,-13.893268,-100
5579,-15.901179,-100
5599,-17.904692,-100
5619,-19.895761,-100
5639,-21.883045,-100
5659,-23.851778,-100
5679,-25.849377,-100
5699,-27.852780,-100
5719,-29.847715,-100
5739,-31.870066,-100
5759,-33.894820,-100
5779,-35.931501,-100
5799,-37.939699,100
5819,-39.957270,100
5839,-41.945618,100
5859,-43.945527,100
5879,-45.879837,100
5899,-47.793902,100
5919,-49.642097,100
5939,-51.449308,100
5959,-53.165027,100
5979,-54.745818,100
5999,-56.175881,100
6019,-57.402527,100
6039,-58.441716,100
6059,-59.276323,100
6079,-59.882120,100
6099,-60.265568,100
6119,-60.477373,100
6139,-60.538513,100
6159,-60.618591,100
6179,-60.700747,100
6199,-60.730909,100
6219,-60.689761,100
6239,-60.597021,100
6259,-60.477290,100
6279,-60.043830,100
6299,-59.195590,100
6319,-58.013147,100
6339,-56.542951,100
6359,-54.764668,100
6379,-52.842054,100
6399,-50.943521,100
6419,-49.011903,100
6439,-47.046528,100
6459,-45.033194,100
6479,-43.001948,100
6499,-40.952945,100
6519,-38.929256,100
6539,-36.917288,100
6559,-34.929757,100
6579,-32.943881,100
6599,-31.015171,100
6619,-29.076546,100
6639,-27.183230,100
6659,-25.263662,100
6699,-23.316483,100
6719,-21.374087,100
6739,-19.406719,100
6759,-17.435881,100
6779,-15.445551,100
6799,-13.486324,100
6819,-11.491199,100
6839,-9.503231,100
6859,-7.499691,100
6879,-5.547978,100
6899,-3.569218,100
6919,-1.576196,100
6939,0.420951,100
6959,2.382431,100
6979,4.341466,100
6999,6.272812,100
7019,8.258989,100
7039,10.216316,100
7059,12.214106,100
7079,14.208248,100
7099,16.214658,100
7119,18.196805,100
7139,20.175798,100
7159,22.121952,100
7179,24.077734,100
7199,26.026974,100
7219,27.997554,100
7239,29.954854,100
7259,31.920608,100
7279,33.881109,100
7299,35.848476,100
7319,37.795955,100
7339,39.722117,100
7359,41.673193,100
7379,43.623467,100
7399,45.565932,100
7419,47.525401,100
7439,49.520554,100
7459,51.542868,100
7479,53.608002,-100
7499,55.636659,-100
7519,57.661975,-100
7539,59.662306,-100
7559,61.609278,-100
7579,63.524242,-100
7599,65.412497,-100
7619,67.248947,-100
7639,69.011386,-100
7659,70.640014,-100
7679,72.097180,-100
7699,73.374237,-100
7719,74.489021,-100
7739,75.435261,-100
7759,76.173519,-100
7779,76.706398,-100
7799,77.076692,-100
7819,77.230082,-100
7839,77.167451,-100
7859,77.139581,-100
7879,77.129639,-100
7899,77.094163,-100
7919,77.093629,-100
7939,77.051577,-100
7959,76.947034,-100
7979,76.712853,-100
7999,75.824969,-100
8019,74.228393,-100
8039,72.337529,-100
8059,70.401554,-100
8079,68.371566,-100
8099,66.311338,-100
8119,64.229418,-100
8139,62.187249,-100
8159,60.141456,-100
8179,58.124334,-100
8199,56.115542,-100
8219,54.150716,-100
8239,52.181926,-100
8259,50.235057,-100
8279,48.235250,-100
8299,46.245731,-100
8319,44.224578,-100
8339,42.234893,-100
8359,40.224080,-100
8379,38.213341,-100
8399,36.182561,-100
8419,34.181958,-100
8439,32.139750,-100
8459,30.107794,-100
8479,28.056088,-100
8499,26.047711,-100
8519,24.064171,-100
8539,22.073061,-100
8559,20.068072,-100
8579,18.106101,-100
8599,16.145508,-100
8619,14.193864,-100
8639,12.263366,-100
8659,10.293225,-100
8679,8.323084,-100
8699,6.304053,-100
8719,4.306960,-100
8739,2.324566,-100
8759,0.357663,-100
8779,-1.650331,-100
8799,-3.633722,-100
8819,-5.606732,-100
8839,-7.590696,-100
8859,-9.582489,-100
8879,-11.577205,-100
8899,-13.610306,-100
8919,-15.641591,-100
8939,-17.669993,-100
8959,-19.692385,-100
8979,-21.665559,-100
8999,-23.655385,-100
9019,-25.635292,-100
9039,-27.644023,-100
9059,-29.629805,-100
9079,-31.637089,-100
9099,-33.668413,-100
9119,-35.678757,-100
9139,-37.691696,100
9159,-39.694607,100
9179,-41.707984,100
9199,-43.686006,100
9219,-45.631065,100
9239,-47.519505,100
9259,-49.366703,100
9279,-51.176085,100
9299,-52.907347,100
9319,-54.496721,100
9339,-55.888384,100
9359,-57.088147,100
9379,-58.096037,100
9399,-58.925631,100
9419,-59.540229,100
9439,-59.977672,100
9459,-60.241045,100
9479,-60.277657,100
9499,-60.291698,100
9519,-60.313079,100
9539,-60.260919,100
9559,-60.188249,100
9579,-60.131174,100
9599,-59.983180,100
9619,-59.513001,100
9639,-58.766136,100
9659,-57.710938,100
9679,-56.287529,100
9699,-54.512715,100
9719,-52.585836,100
9739,-50.673165,100
9759,-48.768881,100
9779,-46.759565,100
9799,-44.729412,100
9819,-42.664594,100
9839,-40.641464,100
9859,-38.657717,100
9879,-36.695293,100
9899,-34.696795,100
9919,-32.724836,100
9939,-30.740271,100
9959,-28.809704,100
9979,-26.862363,100
9999,-24.937274,100
10019,-22.995614,100
10039,-21.078476,100
10059,-19.159453,100
10079,-17.253680,100
10099,-15.299548,100
10119,-13.355978,100
10139,-11.373187,100
10159,-9.404645,100
10179,-7.399656,100
10199,-5.431715,100
10219,-3.453323,100
10239,-1.467787,100
10259,0.530617,100
10279,2.485813,100
10299,4.459492,100
10319,6.394936,100
10339,8.349162,100
10359,10.292337,100
10379,12.290864,100
10399,14.297382,100
10419,16.300895,100
10439,18.282319,100
10459,20.243799,100
10479,22.188095,100
10499,24.149220,100
10519,26.111450,100
10539,28.068780,100
10559,30.001545,100
10579,31.967588,100
10599,33.940360,100
10619,35.900570,100
10639,37.848015,100
10659,39.781360,100
10679,41.748365,100
10699,43.695604,100
10719,45.675944,100
10739,47.673283,100
10759,49.697855,100
10779,51.728528,100
10799,53.758764,-100
10819,55.756365,-100
10839,57.741499,-100
10859,59.698151,-100
10879,61.633276,-100
10899,63.539352,-100
10919,65.399441,-100
10939,67.201980,-100
10959,68.927768,-100
10979,70.519259,-100
10999,71.927752,-100
11019,73.159619,-100
11039,74.225809,-100
11059,75.122547,-100
11079,75.797736,-100
11099,76.290719,-100
11119,76.607547,-100
11139,76.707150,-100
11159,76.635393,-100
11179,76.626606,-100
11199,76.602423,-100
11219,76.584054,-100
11239,76.576438,-100
11259,76.516274,-100
11279,76.337249,-100
11299,75.981681,-100
11319,74.887972,-100
11339,73.173311,-100
11359,71.218942,-100
11379,69.253844,-100
11399,67.221685,-100
11419,65.185290,-100
11439,63.115693,-100
11459,61.098474,-100
11479,59.058282,-100
11499,57.058019,-100
11519,55.026899,-100
11539,53.065468,-100
11559,51.091942,-100
11579,49.146976,-100
11599,47.134396,-100
11619,45.137392,-100
11639,43.119823,-100
11659,41.130824,-100
11679,39.105008,-100
11699,37.068985,-100
11719,35.007324,-100
11739,32.967639,-100
11759,30.959821,-100
11779,28.975117,-100
11799,26.976782,-100
11819,25.018812,-100
11839,23.054928,-100
11859,21.056496,-100
11879,19.069513,-100
11899,17.070821,-100
11919,15.082307,-100
11939,13.087743,-100
11959,11.142204,-100
11979,9.190532,-100
11999,7.241524,-100
12019,5.251958,-100
12039,3.277501,-100
12059,1.288686,-100
12079,-0.696672,-100
12099,-2.708382,-100
12119,-4.686077,-100
12139,-6.663020,-100
12159,-8.650401,-100
12179,-10.651195,-100
12199,-12.646744,-100
12219,-14.674176,-100
12239,-16.702360,-100
12259,-18.718304,-100
12279,-20.736296,-100
12299,-22.712134,-100
12319,-24.691606,-100
12339,-26.674683,-100
12359,-28.653279,-100
12379,-30.665412,-100
12399,-32.674853,-100
12419,-34.707573,-100
12439,-36.717220,-100
12459,-38.733368,100
12479,-40.730896,100
12499,-42.746143,100
12519,-44.719304,100
12539,-46.653463,100
12559,-48.540087,100
12579,-50.389097,100
12599,-52.184539,100
12619,-53.876634,100
12639,-55.423358,100
12659,-56.757009,100
12679,-57.878171,100
12699,-58.777555,100
12719,-59.498056,100
12739,-60.018724,100
12759,-60.356025,100
12779,-60.519075,100
12799,-60.484075,100
12819,-60.517681,100
12839,-60.522475,100
12859,-60.470228,100
12879,-60.400258,100
12899,-60.339414,100
12919,-60.174834,100
12939,-59.627311,100
12959,-58.679298,100
12979,-57.452705,100
12999,-55.921825,100
13019,-54.102029,100
13039,-52.178201,100
13059,-50.267657,100
13079,-48.358813,100
13099,-46.383505,100
13119,-44.378914,100
13139,-42.338819,100
13159,-40.343121,100
13179,-38.298436,100
13199,-36.310507,100
13219,-34.298417,100
13239,-32.314615,100
13259,-30.326059,100
13279,-28.373623,100
13299,-26.410572,100
13319,-24.454994,100
13339,-22.510917,100
13359,-20.593957,100
13379,-18.666832,100
13399,-16.757849,100
13419,-14.837172,100
13439,-12.921386,100
13459,-10.956122,100
13479,-8.985612,100
13499,-6.996361,100
13519,-5.040454,100
13539,-3.060628,100
13559,-1.066937,100
13579,0.907234,100
13599,2.863905,100
13619,4.830440,100
13639,6.765487,100
13659,8.731243,100
13679,10.676590,100
13699,12.650296,100
13719,14.623620,100
13739,16.624483,100
13759,18.618050,100
13779,20.624009,100
13799,22.608917,100
13819,24.577323,100
13839,26.540456,100
13859,28.500200,100
13879,30.448772,100
13899,32.394911,100
13919,34.352194,100
13939,36.334124,100
13959,38.301581,100
13979,40.251443,100
13999,42.194857,100
14019,44.152718,100
14039,46.120623,100
14059,48.084624,100
14079,50.086679,100
14099,52.080541,100
14119,54.097196,-100
14139,56.084739,-100
14159,58.077022,-100
14179,60.048318,-100
14199,61.993162,-100
14219,63.919832,-100
14239,65.813585,-100
14259,67.658977,-100
14279,69.419070,-100
14299,71.047198,-100
14319,72.478257,-100
14339,73.713801,-100
14359,74.777936,-100
14379,75.694927,-100
14399,76.399424,-100
14419,76.914385,-100
14439,77.268768,-100
14459,77.403065,-100
14479,77.320296,-100
14499,77.303170,-100
14519,77.286049,-100
14539,77.263605,-100
14559,77.261652,-100
14579,77.215273,-100
14599,77.082074,-100
14619,76.803135,-100
14639,75.805128,-100
14659,74.151924,-100
14679,72.235610,-100
14699,70.289216,-100
14719,68.237847,-100
14739,66.161800,-100
14759,64.062789,-100
14779,62.011847,-100
14799,59.966739,-100
14819,57.951546,-100
14839,55.929999,-100
14859,53.953851,-100
14879,51.971311,-100
14899,50.022319,-100
14919,48.012939,-100
14939,46.013288,-100
14959,43.979900,-100
14979,41.978296,-100
14999,39.952260,-100
15019,37.936493,-100
15039,35.908219,-100
15059,33.913729,-100
15079,31.885584,-100
15099,29.877440,-100
15119,27.835035,-100
15139,25.834651,-100
15159,23.853432,-100
15179,21.861722,-100
15199,19.841611,-100
15219,17.836185,-100
15239,15.850403,-100
15259,13.886560,-100
15279,11.955938,-100
15299,10.008556,-100
15319,8.038292,-100
15339,6.003224,-100
15359,3.993222,-100
15379,1.984272,-100
15399,0.000389,-100
15419,-1.988493,-100
15439,-3.969180,-100
15459,-5.952407,-100
15479,-7.939952,-100
15499,-9.949516,-100
15519,-11.949451,-100
15539,-13.954780,-100
15559,-15.979617,-100
15579,-18.002815,-100
15599,-20.036421,-100
15619,-22.025236,-100
15639,-24.031508,-100
15659,-26.049023,-100
15679,-28.053944,-100
15699,-30.057238,-100
15719,-32.059385,-100
15739,-34.094481,-100
15759,-36.120165,-100
15779,-38.156885,100
15799,-40.179427,100
15819,-42.188858,100
15839,-44.171617,100
15859,-46.119191,100
15879,-48.030745,100
15899,-49.897027,100
15919,-51.719004,100
15939,-53.442547,100
15959,-55.029502,100
15979,-56.417095,100
15999,-57.591903,100
16019,-58.546176,100
16039,-59.315966,100
16059,-59.881916,100
16079,-60.262561,100
16099,-60.437739,100
16119,-60.439585,100
16139,-60.477834,100
16159,-60.492726,100
16179,-60.433397,100
16199,-60.363854,100
16219,-60.306658,100
16239,-60.197496,100
16259,-59.721829,100
16279,-58.882642,100
16299,-57.748163,100
16319,-56.266421,100
16339,-54.432312,100
16359,-52.485529,100
16379,-50.610262,100
16399,-48.684447,100
16419,-46.679351,100
16439,-44.655211,100
16459,-42.612439,100
16479,-40.615591,100
16499,-38.570755,100
16519,-36.571354,100
16539,-34.556311,100
16559,-32.580296,100
16579,-30.587219,100
16599,-28.636804,100
16619,-26.691048,100
16639,-24.756574,100
16659,-22.807319,100
16679,-20.892586,100
16699,-18.958481,100
16719,-17.034171,100
16739,-15.073606,100
16759,-13.114161,100
16779,-11.140005,100
16799,-9.191939,100
16819,-7.214134,100
16839,-5.283595,100
16859,-3.301857,100
16879,-1.347480,100
16899,0.636826,100
16919,2.591668,100
16939,4.561999,100
16959,6.510434,100
16979,8.488238,100
16999,10.434897,100
17019,12.406636,100
17039,14.376408,100
17059,16.356766,100
17079,18.322577,100
17099,20.318494,100
17119,22.309508,100
17139,24.285549,100
17159,26.250910,100
17179,28.213784,100
17199,30.157506,100
17219,32.135104,100
17239,34.123921,100
17259,36.109458,100
17279,38.079695,100
17299,40.044796,100
17319,42.015045,100
17339,43.990610,100
17359,45.953994,100
17379,47.922312,100
17399,49.898445,100
17419,51.862757,100
17439,53.872132,-100
17459,55.869340,-100
17479,57.864843,-100
17499,59.841851,-100
17519,61.790678,-100
17539,63.719776,-100
17559,65.624351,-100
17579,67.481026,-100
17599,69.265661,-100
17619,70.927526,-100
17639,72.399214,-100
17659,73.671909,-100
17679,74.748716,-100
17699,75.663031,-100
17719,76.375829,-100
17739,76.897740,-100
17759,77.272566,-100
17779,77.440270,-100
17799,77.363655,-100
17819,77.329952,-100
17839,77.315449,-100
17859,77.277520,-100
17879,77.279245,-100
17899,77.245207,-100
17919,77.178311,-100
17939,76.962844,-100
17959,76.054483,-100
17979,74.468432,-100
17999,72.582493,-100
18019,70.640262,-100
18039,68.599933,-100
18059,66.553966,-100
18079,64.512175,-100
18099,62.495092,-100
18119,60.480389,-100
18139,58.464894,-100
18159,56.442940,-100
18179,54.456393,-100
18199,52.458869,-100
18219,50.489351,-100
18239,48.470087,-100
18259,46.459187,-100
18279,44.407182,-100
18299,42.362672,-100
18319,40.302580,-100
18339,38.235669,-100
18359,36.168655,-100
18379,34.150123,-100
18399,32.112728,-100
18419,30.103668,-100
18439,28.097370,-100
18459,26.122517,-100
18479,24.141653,-100
18499,22.134286,-100
18519,20.125406,-100
18539,18.105377,-100
18559,16.116015,-100
18579,14.154686,-100
18599,12.195829,-100
18619,10.226589,-100
18639,8.243908,-100
18659,6.196887,-100
18679,4.172720,-100
18699,2.163565,-100
18719,0.164232,-100
18739,-1.834910,-100
18759,-3.832576,-100
18779,-5.823180,-100
18799,-7.807596,-100
18819,-9.810932,-100
18839,-11.826780,-100
18859,-13.837000,-100
18879,-15.879214,-100
18899,-17.928638,-100
18919,-19.962696,-100
18939,-21.967219,-100
18959,-23.973437,-100
18979,-25.983412,-100
18999,-28.004329,-100
19019,-30.031311,-100
19039,-32.057814,-100
19059,-34.119807,-100
19079,-36.150667,-100
19099,-38.164836,100
19119,-40.188279,100
19139,-42.212706,100
19159,-44.197451,100
19179,-46.130984,100
19199,-48.025635,100
19219,-49.847835,100
19239,-51.609667,100
19259,-53.270075,100
19279,-54.791416,100
19299,-56.115994,100
19319,-57.228971,100
19339,-58.111555,100
19359,-58.809233,100
19379,-59.286324,100
19399,-59.582699,100
19419,-59.652927,100
19439,-59.593530,100
19459,-59.659960,100
19479,-59.658551,100
19499,-59.643281,100
19519,-59.577289,100
19539,-59.525610,100
19559,-59.338124,100
19579,-58.761615,100
19599,-57.768601,100
19619,-56.506707,100
19639,-54.965720,100
19659,-53.131421,100
19679,-51.214325,100
19699,-49.308686,100
19719,-47.366975,100
19739,-45.377120,100
19759,-43.335223,100
19779,-41.321379,100
19799,-39.306188,100
19819,-37.264740,100
19839,-35.290173,100
19859,-33.285213,100
19879,-31.289035,100
19899,-29.312474,100
19919,-27.368001,100
19939,-25.429840,100
19959,-23.492470,100
19979,-21.560674,100
19999,-19.653111,100
20019,-17.729183,100
20039,-15.819135,100
20059,-13.880727,100
20079,-11.933153,100
20099,-9.974282,100
20119,-8.026476,100
20139,-6.054833,100
20159,-4.104609,100
20179,-2.137801,100
20199,-0.182072,100
20219,1.783711,100
20239,3.732377,100
20259,5.686590,100
20279,7.628372,100
20299,9.591232,100
20319,11.550212,100
20339,13.544327,100
20359,15.542239,100
20379,17.514853,100
20399,19.486618,100
20419,21.456829,100
20439,23.419782,100
20459,25.383681,100
20479,27.353289,100
20499,29.303758,100
20519,31.254666,100
20539,33.248627,100
20559,35.232858,100
20579,37.209953,100
20599,39.183473,100
20619,41.145064,100
20639,43.131645,100
20659,45.099881,100
20679,47.074650,100
20699,49.044692,100
20719,51.028806,100
20739,53.007669,-100
20759,55.020682,-100
20779,57.028133,-100
20799,59.016885,-100
20819,60.938974,-100
20839,62.803848,-100
20859,64.681112,-100
20879,66.497930,-100
20899,68.216840,-100
20919,69.826944,-100
20939,71.241401,-100
20959,72.450533,-100
20979,73.453358,-100
20999,74.282189,-100
21019,74.938601,-100
21039,75.430472,-100
21059,75.756456,-100
21079,75.858376,-100
21099,75.753178,-100
21119,75.741360,-100
21139,75.702004,-100
21159,75.688968,-100
21179,75.679880,-100
21199,75.628692,-100
21219,75.485065,-100
21239,75.149566,-100
21259,74.052899,-100
21279,72.341332,-100
21299,70.382913,-100
21319,68.431283,-100
21339,66.414739,-100
21359,64.363210,-100
21379,62.296449,-100
21399,60.246052,-100
21419,58.187121,-100
21439,56.156812,-100
21459,54.149375,-100
21479,52.168633,-100
21499,50.183966,-100
21519,48.178535,-100
21539,46.157848,-100
21559,44.138594,-100
21579,42.125931,-100
21599,40.117741,-100
21619,38.078109,-100
21639,36.061441,-100
21659,34.038974,-100
21679,32.009892,-100
21699,29.958570,-100
21719,27.925330,-100
21739,25.897790,-100
21759,23.879087,-100
21779,21.855000,-100
21799,19.847458,-100
21819,17.855132,-100
21839,15.869774,-100
21859,13.886765,-100
21879,11.929452,-100
21899,9.954530,-100
21919,7.955292,-100
21939,5.898545,-100
21959,3.876631,-100
21979,1.879060,-100
21999,-0.095698,-100
22019,-2.078625,-100
22039,-4.060418,-100
22059,-6.036938,-100
22079,-8.018362,-100
22099,-10.021643,-100
22119,-12.028038,-100
22139,-14.062410,-100
22159,-16.086414,-100
22179,-18.116073,-100
22199,-20.124722,-100
22219,-22.119382,-100
22239,-24.108348,-100
22259,-26.099334,-100
22279,-28.090527,-100
22299,-30.100023,-100
22319,-32.109738,-100
22339,-34.144437,-100
22359,-36.152171,-100
22379,-38.165149,100
22399,-40.179017,100
22419,-42.189101,100
22439,-44.157070,100
22459,-46.062271,100
22479,-47.934289,100
22499,-49.768685,100
22519,-51.579520,100
22539,-53.286943,100
22559,-54.841356,100
22579,-56.212012,100
22599,-57.381545,100
22619,-58.320849,100
22639,-59.086360,100
22659,-59.658114,100
22679,-60.036112,100
22699,-60.225147,100
22719,-60.229941,100
22739,-60.278147,100
22759,-60.288668,100
22779,-60.229815,100
22799,-60.166407,100
22819,-60.116370,100
22839,-59.992234,100
22859,-59.476010,100
22879,-58.579204,100
22899,-57.386042,100
22919,-55.854618,100
22939,-54.014836,100
22959,-52.046979,100
22979,-50.092654,100
22999,-48.182143,100
23019,-46.208968,100
23039,-44.221231,100
23059,-42.199456,100
23079,-40.224807,100
23099,-38.205791,100
23119,-36.203944,100
23139,-34.183233,100
23159,-32.194309,100
23179,-30.207844,100
23199,-28.256377,100
23219,-26.316754,100
23239,-24.384958,100
23259,-22.441126,100
23279,-20.531201,100
23299,-18.596727,100
23319,-16.685462,100
23339,-14.750579,100
23359,-12.801338,100
23379,-10.833438,100
23399,-8.878652,100
23419,-6.888362,100
23439,-4.933807,100
23459,-2.960962,100
23479,-1.003034,100
23499,0.979142,100
23519,2.928928,100
23539,4.891597,100
23559,6.841725,100
23579,8.016654,100
23599,9.973545,100
23619,11.946048,100
23639,13.918047,100
23659,15.898324,100
23679,17.875814,100
23699,19.883589,100
23719,21.880886,100
23739,23.859142,100
23759,25.838913,100
23779,27.794219,100
23799,29.753008,100
23819,31.717028,100
23839,33.668731,100
23859,35.659205,100
23879,37.648547,100
23899,39.619362,100
23919,41.602912,100
23939,43.580342,100
23959,45.564018,100
23979,47.543561,100
23999,49.540041,100
24019,51.527496,100
24039,53.532247,-100
24059,55.541374,-100
24079,57.536688,-100
24099,59.483796,-100
24119,61.412661,-100
24139,63.357068,-100
24159,65.269118,-100
24179,67.120945,-100
24199,68.901229,-100
24219,70.551519,-100
24239,72.006285,-100
24259,73.261126,-100
24279,74.333882,-100
24299,75.236201,-100
24319,75.930532,-100
24339,76.435555,-100
24359,76.796087,-100
24379,76.943639,-100
24399,76.857689,-100
24419,76.830053,-100
24439,76.805554,-100
24459,76.785412,-100
24479,76.788127,-100
24499,76.710594,-100
24519,76.534333,-100
24539,76.126450,-100
24559,75.015337,-100
24579,73.362531,-100
24599,71.420640,-100
24619,69.454910,-100
24639,67.479360,-100
24659,65.480359,-100
24679,63.466608,-100
24699,61.466977,-100
24719,59.449777,-100
24739,57.439324,-100
24759,55.424417,-100
24779,53.431974,-100
24799,51.425056,-100
24819,49.447986,-100
24839,47.418872,-100
24859,45.407476,-100
24879,43.372588,-100
24899,41.374194,-100
24919,39.332746,-100
24939,37.307193,-100
24959,35.262869,-100
24979,33.258286,-100
24999,31.200243,-100
25019,29.205882,-100
25039,27.221139,-100
25059,25.263484,-100
25079,23.286977,-100
25099,21.293203,-100
25119,19.282150,-100
25139,17.266179,-100
25159,15.265793,-100
25179,13.257390,-100
25199,11.271513,-100
25219,9.296646,-100
25239,7.306656,-100
25259,5.281615,-100
25279,3.284741,-100
25299,1.304259,-100
25319,-0.689132,-100
25339,-2.704625,-100
25359,-4.714572,-100
25379,-6.712321,-100
25399,-8.717159,-100
25419,-10.733485,-100
25439,-12.738419,-100
25459,-14.741195,-100
25479,-16.765403,-100
25499,-18.798299,-100
25519,-20.808083,-100
25539,-22.793741,-100
25559,-24.795165,-100
25579,-26.792517,-100
25599,-28.797887,-100
25619,-30.807767,-100
25639,-32.827713,-100
25659,-34.865130,-100
25679,-36.894120,-100
25699,-38.915091,100
25719,-40.945815,100
25739,-42.950857,100
25759,-44.932926,100
25779,-46.844218,100
25799,-48.734474,100
25819,-50.576520,100
25839,-52.385620,100
25859,-54.132356,100
25879,-55.736165,100
25899,-57.143653,100
25919,-58.339126,100
25939,-59.305883,100
25959,-60.096820,100
25979,-60.689503,100
25999,-61.093603,100
26019,-61.298195,100
26039,-61.320746,100
26059,-61.351336,100
26079,-61.366553,100
26099,-61.309026,100
26119,-61.236890,100
26139,-61.187873,100
26159,-61.073509,100
26179,-60.600013,100
26199,-59.808313,100
26219,-58.719524,100
26239,-57.263956,100
26259,-55.503450,100
26279,-53.534758,100
26299,-51.618750,100
26319,-49.680754,100
26339,-47.618335,100
26359,-45.564650,100
26379,-43.505019,100
26399,-41.496057,100
26419,-39.465960,100
26439,-37.489632,100
26459,-35.481515,100
26479,-33.506783,100
26499,-31.546615,100
26519,-29.620953,100
26539,-27.682517,100
26559,-25.741993,100
26579,-23.792192,100
26599,-21.877199,100
26619,-19.937166,100
26639,-18.006175,100
26659,-16.023439,100
26679,-14.064897,100
26699,-12.073869,100
26719,-10.110531,100
26739,-8.111690,100
26759,-6.159772,100
26779,-4.180574,100
26799,-2.227714,100
26819,-0.260264,100
26839,1.688416,100
26859,3.657027,100
26879,5.617373,100
26899,7.596420,100
26919,9.567449,100
26939,11.539611,100
26959,13.512552,100
26979,15.494428,100
26999,17.470196,100
27019,19.476141,100
27039,21.481347,100
27059,23.471420,100
27079,25.446451,100
27099,27.430088,100
27119,29.398684,100
27139,31.371543,100
27159,33.326539,100
27179,35.312498,100
27199,37.309084,100
27219,39.288113,100
27239,41.270210,100
27259,43.255354,100
27279,45.245053,100
27299,47.232080,100
27319,49.233699,100
27339,51.236997,100
27359,53.257466,-100
27379,55.268254,-100
27399,57.262242,-100
27419,59.225174,-100
27439,61.166633,-100
27459,63.117573,-100
27479,65.048060,-100
27499,66.907290,-100
27519,68.687797,-100
27539,70.335294,-100
27559,71.824234,-100
27579,73.119204,-100
27599,74.217231,-100
27619,75.145127,-100
27639,75.870854,-100
27659,76.411387,-100
27679,76.802921,-100
27699,76.991243,-100
27719,76.884883,-100
27739,76.865965,-100
27759,76.819139,-100
27779,76.815069,-100
27799,76.798880,-100
27819,76.684240,-100
27839,76.463916,-100
27859,75.984576,-100
27879,74.792162,-100
27899,72.999464,-100
27919,70.986854,-100
27939,68.975920,-100
27959,66.955462,-100
27979,64.932356,-100
27999,62.893188,-100
28019,60.882886,-100
28039,58.850561,-100
28059,56.839666,-100
28079,54.817294,-100
28099,52.832588,-100
28119,50.828395,-100
28139,48.860490,-100
28159,46.825956,-100
28179,44.811413,-100
28199,42.775572,-100
28219,40.775115,-100
28239,38.722592,-100
28259,36.705959,-100
28279,34.659539,-100
28299,32.648598,-100
28319,30.616439,-100
28339,28.630016,-100
28359,26.642784,-100
28379,24.677781,-100
28399,22.700346,-100
28419,20.734890,-100
28439,18.748002,-100
28459,16.772752,-100
28479,14.808677,-100
28499,12.826884,-100
28519,10.852276,-100
28539,8.834091,-100
28559,6.811481,-100
28579,4.753914,-100
28599,2.751549,-100
28619,0.757693,-100
28639,-1.236940,-100
28659,-3.247011,-100
28679,-5.242819,-100
28699,-7.259528,-100
28719,-9.269803,-100
28739,-11.292304,-100
28759,-13.294287,-100
28779,-15.295286,-100
28799,-17.312187,-100
28819,-19.339387,-100
28839,-21.359156,-100
28859,-23.341686,-100
28879,-25.334040,-100
28899,-27.331636,-100
28919,-29.343046,-100
28939,-31.368442,-100
28959,-33.392857,-100
28979,-35.433511,-100
28999,-37.466012,100
29019,-39.499318,100
29039,-41.498063,100
29059,-43.424985,100
29079,-45.312794,100
29099,-47.196901,100
29119,-49.016259,100
29139,-50.802012,100
29159,-52.479672,100
29179,-54.011941,100
29199,-55.364729,100
29219,-56.505683,100
29239,-57.431363,100
29259,-58.161525,100
29279,-58.700703,100
29299,-59.054163,100
29319,-59.198620,100
29339,-59.190087,100
29359,-59.268974,100
29379,-59.323354,100
29399,-59.308549,100
29419,-59.223838,100
29439,-59.152027,100
29459,-58.929925,100
29479,-58.371843,100
29499,-57.395548,100
29519,-56.103113,100
29539,-54.575293,100
29559,-52.747265,100
29579,-50.774021,100
29599,-48.825641,100
29619,-46.853548,100
29639,-44.823439,100
29659,-42.748742,100
29679,-40.722059,100
29699,-38.691320,100
29719,-36.695910,100
29739,-34.694772,100
29759,-32.743264,100
29779,-30.796127,100
29799,-28.861995,100
29819,-26.923192,100
29839,-24.974839,100
29859,-23.017949,100
29879,-21.101222,100
29899,-19.174178,100
29919,-17.255332,100
29939,-15.291571,100
29959,-13.346033,100
29979,-11.373610,100
29999,-9.409754,100
30019,-7.420338,100
30039,-5.461713,100
30059,-3.494304,100
30079,-1.552236,100
30099,0.408302,100
30119,2.360370,100
30139,4.321099,100
30159,6.274615,100
30179,8.243854,100
30199,10.216386,100
30219,12.222097,100
30239,14.229422,100
30259,16.211843,100
30279,18.191929,100
30299,20.176495,100
30319,22.146540,100
30339,24.120015,100
30359,26.094266,100
30379,28.057166,100
30399,30.023292,100
30419,32.016150,100
30439,34.010500,100
30459,36.003767,100
30479,37.985651,100
30499,39.970612,100
30519,41.967645,100
30539,43.951117,100
30559,45.921107,100
30579,47.904598,100
30599,49.913439,100
30619,51.927977,100
30639,53.947688,-100
30659,55.953556,-100
30679,57.934828,-100
30699,59.886676,-100
30719,61.818018,-100
30739,63.721743,-100
30759,65.561112,-100
30779,67.358808,-100
30799,69.108439,-100
30819,70.732089,-100
30839,72.171069,-100
30859,73.398060,-100
30879,74.441111,-100
30899,75.316667,-100
30919,75.986810,-100
30939,76.479560,-100
30959,76.820455,-100
30979,76.941536,-100
30999,76.832505,-100
31019,76.813189,-100
31039,76.774469,-100
31059,76.763778,-100
31079,76.757309,-100
31099,76.675978,-100
31119,76.433671,-100
31139,75.987480,-100
31159,74.800278,-100
31179,73.052177,-100
31199,71.074320,-100
31219,69.098677,-100
31239,67.070928,-100
31259,65.042236,-100
31279,62.996385,-100
31299,60.979759,-100
31319,58.944909,-100
31339,56.922041,-100
31359,54.898654,-100
31379,52.901538,-100
31399,50.898181,-100
31419,48.921703,-100
31439,46.892099,-100
31459,44.862815,-100
31479,42.815176,-100
31499,40.804539,-100
31519,38.754819,-100
31539,36.716265,-100
31559,34.693143,-100
31579,32.685781,-100
31599,30.659523,-100
31619,28.664003,-100
31639,26.654669,-100
31659,24.691825,-100
31679,22.717899,-100
31699,20.764001,-100
31719,18.782630,-100
31739,16.830235,-100
31759,14.855723,-100
31779,12.915553,-100
31799,10.962024,-100
31819,8.995284,-100
31839,6.973207,-100
31859,4.911336,-100
31879,2.897469,-100
31899,0.906264,-100
31919,-1.086813,-100
31939,-3.092252,-100
31959,-5.098047,-100
31979,-7.115657,-100
31999,-9.130959,-100
32019,-11.158405,-100
32039,-13.177668,-100
32059,-15.184119,-100
32079,-17.202631,-100
32099,-19.235103,-100
32119,-21.266567,-100
32139,-23.256528,-100
32159,-25.260779,-100
32179,-27.268349,-100
32199,-29.284060,-100
32219,-31.300019,-100
32239,-33.331304,-100
32259,-35.382927,-100
32279,-37.402572,-100
32299,-39.385787,100
